Student_ID,Gender,Age,Study_Hours,Sleep_Hours,Attendance,Exam_Score,Monthly_Spending,Screen_Hours,Satisfaction
1,F,19,12,7.5,92,78,850,5.2,8
2,M,20,8,6,85,68,1200,7.1,6
3,F,18,15,8,96,88,700,4,9
4,M,21,6,5.5,78,59,1500,8.5,5
5,F,20,11,7,90,75,950,5.8,7
6,M,19,14,7.5,94,84,800,4.9,8
7,F,22,5,6,76,55,1800,9,4
8,M,20,10,6.5,88,72,1100,6.4,7
9,F,19,16,8,98,92,650,3.8,10
10,M,21,7,5,81,62,1400,8.2,5
11,F,20,13,7.5,93,80,900,5,8
12,M,18,9,6.5,87,70,1000,6.8,7
13,F,21,12,7,91,79,1050,5.5,8
14,M,22,5,5.5,74,51,1900,9.4,4
15,F,19,14,8,97,89,750,4.2,9
16,M,20,8,6,84,65,1300,7.5,6
17,F,18,17,8.5,99,95,600,3.2,10
18,M,21,6,5,79,57,1600,8.8,5
19,F,20,11,7,89,76,1000,6,7
20,M,19,13,7.5,91,82,900,5.1,8
21,F,22,7,6,82,64,1550,8,6
22,M,20,10,6.5,86,71,1150,6.7,7
23,F,19,15,8,95,87,700,4.1,9
24,M,21,8,5.5,83,63,1350,7.8,6
25,F,20,12,7.5,94,81,850,5.3,8
26,M,18,9,6,88,69,1050,7,7
27,F,21,14,8,96,86,800,4.5,9
28,M,22,5,5,72,49,2000,9.6,3
29,F,19,13,7,91,77,950,5.7,8
30,M,20,7,6,80,60,1450,8.1,5
31,F,18,16,8.5,98,93,650,3.5,10
32,M,21,10,6.5,87,73,1200,6.9,7
33,F,20,11,7.5,92,79,900,5.4,8
34,M,19,6,5.5,77,56,1650,8.7,5
35,F,22,15,8,97,91,750,4,9
36,M,20,9,6,85,67,1250,7.3,6
37,F,19,12,7,90,78,1000,5.9,8
38,M,21,7,5.5,81,61,1500,8.4,5
39,F,18,17,8.5,99,96,600,3,10
40,M,20,8,6.5,86,70,1100,6.5,7
41,F,21,13,7.5,93,83,850,5,8
42,M,22,5,5,75,52,1850,9.2,4
43,F,19,14,8,96,88,700,4.3,9
44,M,20,10,6,84,66,1300,7.6,6
45,F,18,15,8.5,98,94,650,3.4,10
46,M,21,6,5.5,79,58,1550,8.9,5
47,F,20,11,7,90,74,950,5.6,7
48,M,19,13,7.5,92,81,900,5.2,8
49,F,22,7,6,83,63,1600,8.3,6
50,M,20,9,6.5,87,72,1150,6.6,7
51,F,19,16,8,97,90,700,3.9,9
52,M,21,8,5.5,82,64,1400,7.9,6
53,F,20,12,7.5,93,80,850,5.1,8
54,M,18,10,6,86,68,1050,7.2,7
55,F,21,14,8,95,87,800,4.6,9
56,M,22,5,5,73,50,1950,9.5,4
57,F,19,13,7,91,76,950,5.8,8
58,M,20,7,6,81,61,1450,8,5
59,F,18,17,8.5,99,95,600,3.1,10
60,M,21,9,6.5,88,71,1200,6.8,7
61,F,20,11,7.5,92,79,900,5.3,8
62,M,19,6,5.5,78,57,1600,8.6,5
63,F,22,15,8,97,92,750,4.1,9
64,M,20,10,6,85,67,1250,7.4,6
65,F,19,14,7.5,94,85,800,4.7,9
66,M,21,7,5,80,60,1500,8.5,5
67,F,18,16,8.5,98,93,650,3.6,10
68,M,20,8,6.5,86,69,1100,6.9,7
69,F,21,12,7,91,78,1000,5.5,8
70,M,22,5,5.5,74,53,1800,9.1,4
71,F,19,13,8,95,86,750,4.4,9
72,M,20,9,6,84,65,1300,7.7,6
73,F,18,17,8.5,99,96,600,3.3,10
74,M,21,6,5.5,79,58,1550,8.8,5
75,F,20,11,7,90,75,950,5.9,7
76,M,19,14,7.5,93,83,850,5,8
77,F,22,7,6,82,64,1600,8.2,6
78,M,20,10,6.5,87,72,1150,6.7,7
79,F,19,15,8,97,89,700,4,9
80,M,21,8,5.5,83,63,1350,7.9,6
81,F,20,12,7.5,94,82,850,5.2,8
82,M,18,9,6,87,69,1050,7.1,7
83,F,21,14,8,96,88,800,4.5,9
84,M,22,5,5,72,48,2000,9.7,3
85,F,19,13,7,91,77,950,5.6,8
86,M,20,7,6,80,59,1450,8.3,5
87,F,18,16,8.5,98,94,650,3.4,10
88,M,21,10,6.5,88,73,1200,6.8,7
89,F,20,11,7.5,93,80,900,5.4,8
90,M,19,6,5.5,77,55,1650,8.9,5
91,F,22,15,8,97,91,750,4.2,9
92,M,20,9,6,85,66,1250,7.5,6
93,F,19,14,7.5,95,86,800,4.8,9
94,M,21,7,5,79,60,1500,8.4,5
95,F,18,17,8.5,99,95,600,3.2,10
96,M,20,8,6.5,86,68,1100,6.6,7
97,F,21,12,7,92,79,1000,5.7,8
98,M,22,5,5.5,73,51,1900,9.3,4
99,F,19,13,8,96,87,750,4.3,9
100,M,20,10,6,84,65,1300,7.8,6
